text,true_label,classifier_label,classifier_conf,small_label,small_conf,large_label,large_conf
The 2014 championship runner-up Sebastian Vettel got third place with Ferrari at the Chinese Grand Prix in Shangai.,high,normal,0.6844002244000845,high,0.9999339479181334,high,0.9999951395539153
"The No. 2 song for a third week, Maroon 5's ""Sugar,"" decreases by 3 percent, while Ed Sheeran's ""Thinking Out Loud,"" at No. 3 is off by 2 percent. Could either “Loud” or “Sugar” rebound to challenge “Funk” further on the Hot 100? Meanwhile, “Sugar” takes over No. 1 on the subscription services-based On-Demand Songs chart, despite a 10 percent drop to 4.1 million streams. ""Sugar"" holds at No. 2 on Digital Songs, down 8 percent; rises 4-2 on Radio Songs, and keeps at No. 4 on Streaming Songs.",high,normal,0.6506089409384435,normal,0.9992903296008994,normal,0.9999389114489835
"Corliss reviewed more than 1,000 movies, appreciated all kinds of movies, and cut the hype across big but overrated movies. Corliss didn't care much for sentimental, uplifting movies that won Oscars.",high,high,0.5244513846174987,high,0.9999885212263995,high,0.999999986559603
"BP oil spillage that happened in the Gulf of Mexico still haunts people in that region. Despite this, another oil project plan seems to be underway, but authorities must agree they don't have what it takes to return things to normalcy in case another tragedy happens. Knowledge of the gulf beyond oil and gas, and fishing is still limited.",high,normal,0.7713385385224117,high,0.9999980052702785,high,0.9999996843873972
"Findings reveal that Bates' didn't get the proper training as required. Bates's attorney, Clark O Brewster, opposed these claims saying there were misunderstandings and misstatements in the report. The Harris family attorney said that Bates got special favours due to Bates' donations to the agency and Bates' friendship with the sheriff. Even the Tulsa World newspaper reported that the Tulsa County Sheriff's Office was forced to forge Bates' records or else risk reassignment. Through a 2009 memo, launched by then-Undersheriff Brian Edwards, it was established that Bates had not obtained the required training to undertake certain duties. Anyone who complained about Bates' was told to leave Bates alone as Bates had greatly helped the county.",high,normal,0.6059909365707815,normal,0.9999417086787512,high,0.6859494550081926
"Amid ongoing protests, police officials admitted police erred during and after Gray's arrest.",high,high,0.5569609231954933,high,0.9840936082881853,high,0.9999469249217734
"Given the tendency of the media to exploit any potentially scandalous material, the show's producer, Harvard professor Henry Louis Gates Jr., apparently acquiesced to Affleck's request, because when the episode aired in October 2014, there was no mention of the star's slave-owning ancestor.",high,normal,0.7172676467854265,high,0.9999980052698029,normal,0.9999999997121984
The media has circulated a letter by a team of ten doctors to the University of Columbia demanding they dissociate from Dr. Oz because of his selfish quack treatments.,high,normal,0.7353226141454781,high,0.9996200151230041,high,0.9999999869731205
"Andrew Lesnie, cinematographer, has died; suffered a heart attack Monday; known for balancing technology, artistic considerations; Lesnie won, Oscar for, ""The Fellowship of the Ring""; impressive body of work; inducted, Australian Cinematographers Society Hall of Fame;",high,normal,0.6378018399572337,high,0.9999980052712296,high,0.8289388083214156
Hernandez pleaded not guilty but has lost the $40 million contract with the New England Patriots and millions of dollars in expected income.,high,normal,0.5222981932711085,high,0.999997739675702,high,0.588889130767832
The prosecutors did not get enough evidence to indict Hernandez.,high,high,0.5659042934246385,high,0.9890130573694068,high,0.785308580887758
"Mourners and Charleston Mayor attended Scott's visitation service in Charleston, South Carolina.",high,normal,0.5892499801691297,high,0.9947798743064417,high,0.9999987517279145
"Five years after the Deepwater Horizon rig exploded, the immediate aftermath of the oil spill has been well documented.",high,normal,0.6706588762868506,high,0.9770226300899744,high,0.9995271455654797
"Whatever decision the court takes on same-sex marriages, Clarence seems opposed to the Supreme Court for not exercising equality for other loving relationships in the oral marriage arguments.",high,normal,0.7088791812776175,high,0.995929862284104,high,0.9999810748517539
"Some American universities, including the University of Michigan, no longer consider race to be part of the admission requirements. Consequently, this has minimized the negative stereotypes and experience that non-white students have to encounter.",high,normal,0.7967561433015914,normal,0.9046505351008906,normal,0.8198933359135361
"Baltimore investigators handed their files on Freddie Gray's death over to prosecutors Thursday, but the public shouldn't expect much; the task force assigned to Gray's death will continue investigating; two officers remained on their bikes and one gave chase on foot; that's where the apprehension of Freddie Gray occurred.",high,normal,0.6186997541937105,normal,0.9999984465015046,high,0.7577943712746406
"Found guilty, jury must decide, bomber Tsarnaev, live or die; sentencing phase of the trial, show, impact, victims; stories told, horrific, Tsarnaev's trial.",high,normal,0.5622306095091817,high,0.9994472213630764,high,0.9999998024944683
"ISIS took Ahlam and her family while Mahmoud was out running errands. One night, Aslam, while hiding under covers, managed to contact husband with a found cell phone. Ahlam and the rest of the group realized fleeing was the only solution.",high,normal,0.7167588754444723,high,0.9999967112509345,high,0.9999999861329326
Cuba and Venezuela have a mutually beneficial relationship in which Venezuela sends a lot of oil to Cuba daily and Cuba sends military advisers and sports trainers to Venezuela. Cuba also pays more attention to criticizing how US treats Venezuela than it pays to improving its own relationship with the US.,high,normal,0.5379842946708373,normal,0.9999970976893987,high,0.9999999888574982
"After the earthquake, a lot of people are seen walking through the city in confusion and fright. Some people are crying as others are still covered in rubbles and can be heard by local rescuers.",high,normal,0.6920358599035801,high,0.9706877692486436,high,0.9999807768297635
Freddie Gray was arrested Baltimore police on the morning of April 12 without incident; events surrounding Gray's encounter with police remain unclear.,high,normal,0.5407366573278175,high,0.9999832985622245,high,0.9999593054220954
"In London, city deeply impacted, attempted decapitation of soldier Lee Rigby by Islamic extremists in 2013, three women, beheaded last year, no apparent jihadist motivation.",high,normal,0.6175196192492128,normal,0.9998911030899734,normal,0.9953181774756663
"The Clinton Bill and Hillary, have been known in politics for a long time. 28 of the 44 years from 1981 to 2025, will have had a Clinton or a Bush in the White House should either Clinton or Jeb win, now that she is officially a presidential candidate.",high,normal,0.6570085836693703,normal,0.9999898700138494,normal,0.9879462204837636
"(CNN) Pope Francis will visit Cuba, in September, the Vatican said; people reacted joyously.",high,high,0.5750324437740664,high,0.9999646437492583,high,0.9999954340299352
"The Navy MH-60R, the helicopter was flying from the deck of the USS Carl Vinson, coming within 50 yards, in a predictable manner.",high,normal,0.6287993167407374,high,0.9999990577556307,normal,0.9999999978734163
Officer Michael Slager's audio recordings were made public on Monday. An unidentified officer speaks with Slager in the first recording about what could happen.,high,normal,0.6369291625667246,high,0.9046505351008906,high,0.9999997962251652
Kacyra had previously developed Cyrax which applied the same technology as Cyrax. This technology was launched during the production of a movie.,high,normal,0.8041993618280349,high,0.9999930377437499,high,0.9926541734255229
Mocha was probably anxious about staying in a different apartment than usual. The dog's owner said that Mocha would be put in a cage the next time it stayed somewhere new.,high,normal,0.6900988554060263,high,0.9995694425082408,high,0.999937949503977
"The FBI's goal, is to prevent ""homegrown attacks""; the FBI investigates and tries to catch those responsible; the FBI is often successful, but every once in a while, the suspects get away.",high,normal,0.5994672254257167,normal,0.9999999999991122,normal,0.9999999999907486
"James Tumblin came across Vivien's dress in the early 1960s. Leigh wore the outfit while playing Scarlett O'Hara in ""Gone With the Wind."" Heritage Auctions mentioned the Scarlett dress was sold in Beverly Hills, California.",high,normal,0.5983337589898851,high,0.9999852610320814,high,0.999999992805867
"Saturday's quake caused a lot of destruction in Ravi Opi village, with 90% of the houses currently uninhabitable.",high,normal,0.5581096401075966,normal,0.9999957771645418,normal,0.9999857144823499
"Clinton will, seek the Democratic Party's nomination for president; Lehane downplayed Clinton-Warren tension in the Democratic Party.",high,high,0.56068931500484,high,0.9820137900379083,high,0.9999996743687809
F1 championship leader Hamilton stole pole position from a teammate during Chinese Grand Prix. Although Hamilton prefers wins to poles.,high,normal,0.5955769934500665,high,0.9999417087899265,high,0.9999957771665553
"The search for Malaysia Flight 370 which vanished in 2014 continues, and government officials plan to double the search area.",high,normal,0.6879517924094533,high,0.9947798743064417,high,0.99999457778103
"For 25 years, Ali Addeh refugee camp has been a holding point for 10,000 people fleeing into Djibouti for better life abroad.",high,normal,0.5188817800546498,normal,0.9999987901334512,high,0.9999999715466391
Investors are having a substantial impact on London's property market particularly from the West African countries.,high,normal,0.6597253281292256,normal,0.9999999999996299,high,0.9999741325689186
"According to the International Organization for Migration, in 2011, more than 140,000 migrants arrived to Italy, in 2013, the program rescued more than 174,000 migrants, more than 3,000 died making the journey.",high,high,0.5895994444440538,normal,0.9999910603122206,normal,0.9343951625409307
General Attorney Eric Holder recalls that soliciting prostitutes is forbidden after reports cited light punishments and poor treatment of sexual misconduct cases at the DEA and other Justice Department organizations.,high,normal,0.6233549711650058,high,0.9997388094318788,high,0.9999999852386118
"Dzhokhar Tsarnaev and Tamerlan Tsarnaev, set off the Boston bombs and shot campus cop Collier.",high,normal,0.548007740455666,high,0.9999038975845006,high,0.9999988273579267
"Under the Fourth Amendment, the question is whether the force was objectively unreasonable based on the totality of the circumstances. The amount of force used is the subject of contention.",high,normal,0.696480002178844,high,0.9914225145862879,high,0.9996540083968217
"Last year, the Turkish government accepted that hundreds of thousands of their ancestors died as they were marched out of cities and not in World War I.",high,normal,0.7827947930720233,high,0.999993855822468,high,0.9999956431200165
"Larry a Republican died Monday at a North Carolina hospital at 81 one day after Clinton stated to be running for president. The family made two requests for the obituary, the son says the father would enjoy the request.",high,normal,0.7855773441158245,high,0.9999998724810256,normal,0.9999999451547129
"John Shaw, a senior at Texas A&M Galveston and student in Horwitz's class, was worried about, graduation. Had done pretty well, on the first test and, get an email saying, going to get an F.",high,normal,0.6942287414617081,high,0.9999967112525028,normal,0.999999998979655
"When single parents face a devastating illness such as cancer, Singleton Moms has provided practical, financial and emotional support to more than 300 parents in Phoenix.",high,high,0.5012467747735476,high,0.9999998362624503,normal,0.9999999813398569
"Australian ""Bali Nine"" drug smugglers Andrew Chan and Myuran Sukumaran, jailed since April 2005, were denied overturning of their executions.",high,normal,0.5645251058759585,normal,0.9999970976893987,high,0.7310585786300049
"People in Washington were greeted by a deep reddish color sunset on Sunday. The smoke from fires in Siberia was pushed to the Pacific Northwest, resulting in spectacular sunsets.",high,normal,0.8014988426974763,high,0.9997040431686499,high,0.99998739305376
"On The Late Show, David Letterman blushed when Schumer lifted up her dress, revealing a surfing scar and saying it was her vagina.",high,normal,0.5727623123419785,high,0.9999987901343165,normal,0.9999493552834681
President Obama has condemned the persecution of the LGBTQ community. Transgender people are more likely to be discriminated against by employers. American people are becoming more aware of the transgender community.,high,normal,0.5445959480780789,high,0.9999977396735465,high,0.9998858776145566
Kenyan teachers and students fear being targeted by the Somalia-based terrorists after Al-Shabaab slaughtered 147 people.,high,high,0.5149834007381539,high,0.995929862284104,high,0.9905874104123902
Bikram brand is on the precipice of collapse after its founder Bikram Choudhury found himself right in the middle of a lawsuit filed by six women who claimed to have been sexually assaulted by him.,high,normal,0.8250791944162388,high,0.9999921107336519,high,0.9999999991135095
"Thompson speaks about Kris Kardashian's marriage to Jenner, and Bruce's gender transformation.",high,high,0.5600594051272063,normal,0.8175744761936437,high,0.9992678187383391
Nonviolent offenders make up about three-quarters of those imprisoned by the justice system.,high,normal,0.6426891103902548,normal,0.9999990577554061,normal,0.9999999915892145
"In a bombing at a bazaar in the Pakistani city of Peshawar, over 200 people were injured and 137 were killed. Provinces in which the raids were being carried out, the headquarters of the alleged terrorist cell were targeted.",high,normal,0.7544373633517356,normal,0.9999945777823227,normal,0.9999999972694125
"""Roots,"" 1977; A&E, remaking, miniseries; saga of Kunta Kinte, African, shipped to America; ""Roots"" will encounter a new generation; young Americans.",high,normal,0.5453189832509759,normal,0.9999997897565838,normal,0.9999999930272105
"Members of different Baltimore gangs, who condemned the rage in the neighborhood, gathered at the New Shiloh Baptist Church for a press conference with community leaders and the Gray family and signed a peace agreement.",high,normal,0.6648187023507593,normal,0.9999987901348933,normal,0.9998785182471944
"Richard Pomes created a marketing campaign on Twitter, although Fireball has more than 85,000 followers on Twitter, fewer followers on Instagram.",high,normal,0.5701012993520453,high,0.9999957771685689,normal,0.9999999966017354
"Zakary, son of Ron Ingraham, who describes his father as being tough as Rambo expressed optimism about his father's survival even after the search for him was closed till he was found twelve days after the first distress call was made. Ron Ingraham had to be assured that his battered boat would go with him before he returned home.",high,normal,0.7023714026309525,normal,0.9999251538438629,normal,0.9999999832731399
"The 7.8 magnitude earthquake didn't touch Nepal cities only, it stretched all the way to Mount Everest and nearby peaks. Family members and friends of those who had passed shared messages of hope and condolences with the general public on social media.",high,normal,0.7259112641695709,high,0.9998204720306533,high,0.9994642194616526
Philippe Braham; killed; terror attacks; He was; kosher supermarket; gunman stormed in;  One month after; a gunman attacked; Copenhagen; killing Dan Uzan.,high,normal,0.5199509970844443,high,0.9999967112509346,high,0.9999999989138492
"Powers performed comedy on the season of Hollywood ""Good Times.""",high,normal,0.7024416084617345,high,0.8519528019683106,normal,0.8902942261220292
"The Clinton Foundation 2014 received charities from the United Arab Emirates, Saudi Arabia and Oman, among others according to The Wall Street Journal. Canada's foreign affairs department promoting the Keystone XL pipeline was also a donor to the organization.",high,normal,0.616801160933151,normal,0.9999986290421394,normal,0.999969758041466
Pacers; suffered a knife; Chris Copeland; injured; situation involving Pero Antic and Thabo Sefolosha; Hawks spokesman.,high,normal,0.5248071002532603,high,0.9999546021312976,high,0.9999987121047843
"Baltimore had peaceful protests, as a wake-up call against the police, to later give way to violence Saturday night and build rumors about a ""purge"".",high,normal,0.5437993924791161,high,0.5,high,0.9999667858050522
"Japan Aerospace Exploration Agency (JAXA), announced, that the country would put an unmanned rover on the surface of the moon by 2018. JAXA has also put a probe on an asteroid, which returned to Earth in 2010.",high,normal,0.8155932857823193,high,0.9999994284991441,high,0.9999955048184215
"In a brilliant seven-minute speech, Chris Rock pointed out the fact that less than 10% of baseball players or fans were black, that baseball's sense of nostalgia didn't sit well with African Americans, their memories of baseball and the old days were anything but good.",high,normal,0.7075697109747848,normal,0.9999967112509346,high,0.9999998838926997
"California has excellent vintage, drought produce terrific wine.",high,high,0.5723505616483389,high,0.9999038975845005,high,0.9999599363077708
"""Suspension of deportation"" has been granted by German immigration officials to Somali refugee Sahra, whose life was portrayed in Ines Dumig's photo series ""Apart Together."" The artist defines the refugee as someone who is living in an unresolved situation.",high,normal,0.7511310940623722,normal,0.9999982396584655,normal,0.9999999598743493
"Slager told a dispatcher that Scott grabbed Slager's Taser during the tussle. However, the police report also said that Slager did use a Teaser on Scott.",high,high,0.5124248542560387,high,0.5621765008857982,high,0.999991335346852
"In February, Mohamud became a US citizen and set out for Greece in April but diverted to Syria for training in weapons, burglary, explosives, and manual combat.",high,normal,0.6601818060198198,normal,0.9999977396767799,normal,0.9999987901343165
"Families, whose loved ones have been taken as hostages, pointed to the lack of communication by the U.S. government about their loved ones. Families should be granted security clearances for the purpose of having classified information about their captive loved ones. President Barack Obama should appoint a senior-level person which implemented hostage rescues.",high,normal,0.7481018258993131,high,0.9999997300424156,high,0.9998534687060928
Investigators said there was no connection between Gricar and Sandusky's crimes. Another theory was murder by gangs. Cyril Wecht abandoned the book idea.,high,normal,0.5779969268961097,high,0.8175744761936437,normal,0.9999999895325883
"A plan was developed in the Pentagon, that plan was to release Haji Bashir Noorzai.",high,normal,0.6244587761139538,high,0.9999945777836156,high,0.9999998555021341
"Bergdahl was released by a Taliban-affiliated group for five Guantanamo Bay prisoners, Weinstein was just as deserving of freedom as Bergdahl.",high,normal,0.6352455587641571,high,0.9999996940979918,high,0.9999999598743494
"What followed for Gulnaz was a quiet, solution to the ""problem"", a telling sign of where women's rights stand in Afghanistan.",high,normal,0.5730593405204137,high,0.9995694429186753,high,0.9939964042034285
Just like Steve Jobs not only changed the way consumers thought about Apple but how they experienced it. Hillary Clinton rebrands herself in her official campaign launch.,high,normal,0.5444561446084298,high,0.9980732653366725,high,0.9998623453663109
"UN to consider suicide attacks war crimes after ISIS terrorist group claimed responsibility for suicide bomber attack on bank in Jalalabad on Saturday. Taliban condemned the attack, and confirmed no involvement.",high,normal,0.8005312906351949,high,0.999999761763232,high,0.9999997897564584
"NFL launched an investigation into the Patriots to find out why balls supplied to AFC Championship were underinflated. Patriots still awaiting the results of the investigation as the draft nears. If the investigation can't find the Patriots tampered with, the Patriots owner expects an apology.",high,normal,0.5553307252451521,high,0.9999993524055105,high,0.9999998144608981
"The FDA has become aware of significant safety issues associated with homeopathic products. Their ""listening session,"" provides an opportunity for experts and public members to decide how to regulate these products.",high,high,0.5778290655301926,high,0.9998766054240138,high,0.9998785182471944
"The European Union presented a plan for the enormous increase in deaths of immigrants in the Mediterranean. Australia's Prime Minister Tony Abbott believes the only way to stop the deaths is to stop human trafficking. Since 2013, Australia has not received visa-free persons arriving by ship. They have even returned boats with asylum seekers to Indonesia without processing their asylum claims. These actions have been condemned by human rights advocates and have caused problems in Indonesia, but apparently, no asylum seekers drowned in Australian waters between 2013 and 2014, although, in the end, the fact that people did not find asylum, does not mean that they stop seeking asylum. Italy failed to deter asylum seekers and had to scale back its search and rescue program because it cost €9.5m a month.",high,normal,0.7448594384827207,normal,0.7057850278370112,normal,0.9999983971890122
"A rumour about Jesse Eisenberg and Ben Affleck making appearances in Warners' ""Suicide Squad"" is going around.",high,normal,0.6656110944140151,high,0.9999970976893987,high,0.9999999920987831
"In March, several dozen North Carolina women, traveled to Washington to meet with their senators, Richard Burr and Thom Tillis. The meeting lasted nearly an hour and was very cordial.",high,normal,0.5659269783491682,normal,0.9999993524050474,normal,0.90192067652954
"According to the Centers for Disease Control and Prevention, the number of HIV infections in Indiana county has grown, mostly for sharing needles from IV drug use.",high,normal,0.5780684347905195,high,0.9998601780576787,high,0.5273165233795672
"Runoff between Mayor Rahm Emanuel and challenger Jesus ""Chuy"" Garcia; After Emanuel failed to snare half the vote in February's general election; go head-to-head with Garcia; as Easter, Passover and spring break appear to have spurred more than 142,000 early votes; 90,000 before the first round of voting.",high,normal,0.5360602028658393,normal,0.8807970779778824,high,0.9999999998941238
"Bikram Choudhury has been sued by former student, Sarah Baughn, in Los Angeles Superior Court. Baughn is among six women who have filed lawsuits against Choudhury accusing him of sexually assaulting them. The lawsuit filed by Baughn described Choudhury as someone who preyed on young women who looked to him for guidance.",high,normal,0.6792974083740055,high,0.9999990577545075,normal,0.9999999998082828
"The U.N. Security Council voted Tuesday in favor of an arms embargo on Houthis. In addition, the council also demands that the Shite group refrain from more violence, to control terrorism.",high,normal,0.7539823659163061,high,0.9999832985940793,normal,0.9999999832731399
"General Ahmad Reza Pourdastan, U.S. to change its rhetoric, U.S. welcomes, Iran's support, in the fight against ISIS.",high,high,0.5529553092489787,high,0.9999945777797373,high,0.9999999778405106
"In 2012 alone, the Clinton foundation had an $8 million deficit and ran a $40 million deficit in 2007 and 2008.",high,normal,0.588628291819545,normal,0.9999957771705825,high,0.999999996267733
The 14th Amendment tests the intention behind the use of force.,high,normal,0.6293450073639016,high,0.9975273768433653,high,0.9999706884614403
Data confirm that police use of deadly force is a black and white issue. A ProPublica analysis of police shootings from 2010 to 2012 found that young black males are 21 times more likely to be fatally shot by the police than young white males.,high,normal,0.6217412922023079,normal,0.9999898699993585,normal,0.9999999904693223
"It wasn't the first time Hyman has used artwork to effect change having previously restored a local theater to its former glory and also commemorated Martin Luther King Jr.'s birthday by painting a mural in a bad neighborhood that needed light. Hyman's wife, Kay, said her husband always painted from the heart.",high,normal,0.7224433753055385,high,0.9999832985781519,high,0.9999999881388886
"Survivors of 1915, assimilated and kept, identity hidden; Heranus, 9 at the time; was, adopted by the officer and his wife, who could not have children.",high,normal,0.6597465925149298,normal,0.9999986290434468,normal,0.9999999095754549
"After recalling of the Australian ambassador, Indonesian President Joko Widodo emphasized that Indonesia respects other countries' legal sovereignty so theirs must also be respected.",high,normal,0.6946530853995116,high,0.9999938558283274,high,0.9632305339244013
"Governments around the world, executions, Amnesty International, report on the death penalty. Trend, governments using, death penalty, tackle real or imaginary threats. States, putting people to death for 'terrorism'. ""Death Sentences and Executions 2014"", death penalty as a tool; increase, people sentenced to death. Near-universal decrease, using, death penalty by region. United States, put to death, 39 in 2013, 35 in 2014. Imperfections, judiciary processes, sentenced to death. Countries, people, death penalty, imposed after proceedings, did not meet, fair trial standards. Death penalty, unjust. Amnesty, 19,094 people, on death row, 2014.",high,normal,0.7076343143239932,normal,0.999998239657626,normal,0.9999999936511969
The lack of credible and capable special operations forces has hampered most of the United States partners' fight against terrorism.,high,normal,0.6195346105711671,high,0.9968273171575148,high,0.9999706884614404
"High expectations could prevent Swedes from getting married, even after having children.",high,normal,0.64849446041879,high,0.9999997897567341,high,0.9999998461826772
"Marcus Weaver was at the movies with his friend, Rebecca Wingo. During the firefight, they fell to the ground, but Marcus tried to pull Rebecca out, who was unconscious as soon as there was a break in the gunfire. Marcus was able to get out with only buckshot wounds to his shoulder, but Rebecca did not make it out alive. Marcus now sees life differently, although it has not been easy to get used to this new life. Marcus believes that everyone will get over it and become stronger. Marcus forgives the shooter because it would be a burden not to, but Marcus has thought about what the trial is going to be like, what it will be like to meet the shooter and how to deal with it. Although Marcus does not believe in the death penalty, in this case, it would be justified.",high,normal,0.7402024882887551,normal,0.9890130573694068,normal,0.999939858482223
"A Nepalese tour guide, Janaki Parajuli, led a group of 17 senior citizens, including three Nepalese. They were eating lunch when the magnitude 7.8 quake struck.",high,normal,0.5821558446114137,normal,0.9999984465029862,normal,0.5698526514141571
"Academics say that the agendas of ISIS and al Qaeda are different, but they are not, because both are a manifestation of radical Islam. It's hardly a surprise President Barack Obama ignores that in plain terms.",high,normal,0.7366427514101868,high,0.9999898700090192,high,0.9998601779243528
"The Indonesian Ministry of Foreign Affairs held a press briefing, where spokesman Arrmanatha Nassir affirmed the death penalty, its humanity and its morality is a long debate. The briefing was held before the news of a second execution of an Indonesian maid in Saudi Arabia, and Jakarta's complaints to the unannounced executions were accused of hypocrisy.",high,normal,0.7488981186856027,high,0.9999646437492582,high,0.9999890468771785
Haleigh Cox moved to Colorado after drugs meant to control seizures weren't helping. The family can rest more comfortably living in Georgia now that Georgia governor Deal signed Haleigh's Hope Act bill Thursday legalizing cannabis oil.,high,normal,0.698756120039295,normal,0.9999992661795444,normal,0.9999999935512239
"Roberts has to support either the appeals court or the appellate court. Will Roberts fulfil the desires of same-sex coupes, or will Roberts turn down the proposal and put it aside? This is the question that has caused so much anticipation, both for those in favor and those opposed to the idea of having same-sex marriages legalized. Roberts is already being criticized based on previous cases, including the Windsor case. This will be a historical hearing.",high,normal,0.7863454581353073,normal,0.9999999999993086,normal,0.999999999857528
"Janaki Parajuli called for help, helicopters came but they couldn't land because of bad weather.",high,normal,0.5607567357497989,high,0.9999994284996893,high,0.9999999706434746
"Before the policy change, American citizens and permanent residents who made inquiries about being on the no-fly list got vague letters on the matter. However, the Department of Homeland Security said that the U.S government will make adjustments to provide additional transparency. Including providing specific criteria under which the individual has been placed.",high,normal,0.7975902703076276,high,0.9999852610250535,high,0.9999999885038083
"Last week, California Gov; Jerry Brown ordered mandatory statewide restrictions on water use; California developed the infrastructure, it uses to distribute water at a time when the population was much smaller than it is today",high,normal,0.6231643887569445,high,0.9999984465018751,high,0.9999999484776084
Clinton talks about being the champion of the Americans being a populist fighter.,high,normal,0.6194778599576343,normal,0.9999999999999656,normal,0.999999999942436
"News reports that Nepal had been hit by its worst earthquake since 1934. The epicenter of this quake was Kathmandu, where the majority of Nepal's citizens reside.",high,normal,0.7604249636469015,high,0.9999885212209261,high,0.9999999861329525
"After one of the pilots on a flight scheduled from London to Hong Kong was arrested, the flight had to be rescheduled to a new date. Since a replacement from Cathay Pacific was not immediately available.",high,normal,0.822682910990682,high,0.9706877692486436,high,0.9999151889582764
"Sheriff's deputy, shot Harris; surprised, Bates would choose, vacation, during, tumultuous time.",high,normal,0.6350124825615722,high,0.9997694932780069,high,0.9999970976907826
"Basic sanitation and critical health services are desperately needed, and the humanitarian situation is worsening all the time. Other deaths and injuries have undoubtedly occurred in Yemen.",high,normal,0.6814406851395912,high,0.9988304908489715,normal,0.9999999999947697
Eric Harris attempted to run away to escape arrest by the undercover deputy and Bates seized the opportunity to stop Harris and shouted Taser as required in the training but picked up the gun instead of the taser and accidentally shot harris.,high,normal,0.701192984014171,high,0.99999211072989,high,0.9999956431200165
"Three fraternity members from, Zeta Beta Tau fraternity, the world's first Jewish fraternity, have been expelled from the group.",high,normal,0.6413880871473336,high,0.9999994956525918,normal,0.999999870472925
Jason Warnock rescued a man involved in an accident on Wednesday in Idaho.,high,normal,0.6575454591706085,high,0.9994472208361967,high,0.999941708734339
"Africa's new millionaires are no longer concentrated in Southern Africa, traditionally the wealthiest part of the continent.",high,normal,0.6872697055827847,high,0.9999724643088854,high,0.9999906312827311
"After Netflix ordered the return of the series ""Full House"", the vice president says that was delighted to introduce it to the new generation.",high,normal,0.7319328536304796,high,0.6224593312018546,high,0.998935037327944
North Charleston; city's police department; widely reported; 2007; 80% black;ratio of white and black officers; North Charleston Police Department; closely mirror; population; Ferguson Police Department; both; considerably off; before; other variables; two officers; shot; protest; Ferguson Police Department.,high,high,0.5477221396298808,high,0.9999852610109975,normal,0.9999999656787447
"United States Representative spoke of men, women and children killed indiscriminately.",high,normal,0.524660603133041,high,0.9525741268224333,high,0.9957353653078128
"On its way to Los Angeles, Flight 448 only spent 14 minutes in the air before emergency landing to release ramp agent trapped in the plane's cargo hold.",high,normal,0.5995179185088813,high,0.817574471748733,normal,0.9996079582107624
"We do that even if it's dangerous said Olvera, the team leader of rescuers, who put their lives at risk to save people.",high,normal,0.6000719268308741,high,0.9975273768433651,high,0.9995694429186753
"Anthony saw the video and confessed that the oficial had lied, Slager has been police for 5 years a CNN examination found.",high,normal,0.5383247933333817,high,0.9999998362622746,normal,0.9999999993514292
"West of Baghdad; ISIS, blocked off access from the south months ago.",high,normal,0.5651711034573811,high,0.9978172835546548,high,0.9999635214623241
"On June 16, Lloyd received a text from Hernandez to go out and party. The jury did not consider the text in which Lloyd mentioned the NFL and that Lloyd sent to his sister.",high,normal,0.6205562657553754,normal,0.9999930377470697,normal,0.9999999984920278
"Kelley, 50, was taken into custody at the Atlanta airport on Wednesday from Costa Rica. Kelley and Mary Nunes entered the U.S. Consulate in Costa Rica and requested passports, then the consulate notified the U.S.",high,normal,0.6942109947541792,normal,0.9999687980588505,normal,0.9399133498259924
"The second robot collected data from all points and revealed that years after the nuclear crisis, the radiation levels inside the three damaged reactors were extremely high and remained unsafe for people to enter.",high,normal,0.5651750208009418,high,0.9998911029861325,high,0.9999997761971314
"According to, Lanier, suspect's vehicle was spotted outside the Census Bureau, Suitland, Maryland. Guard was then shot at least once in the upper body, suspect fled the scene.",high,normal,0.6154451843390052,normal,0.9999997897565587,high,0.9999999388156905
"Lo Porto's life ended accidentally after being struck by a U.S. drone on January 19, 2012 while on a reconstruction project in Pakistan.",high,normal,0.6638698057074923,high,0.9999646437829756,high,0.9999999740929201
"Laura, a lifelong Catholic, reads the bible and learns about Seth, ""Adam's forgotten son"" who came after Cain Killed Abel when Adam was 130 years old.",high,normal,0.6405385159369161,normal,0.9890130573694068,normal,0.9995271455654797
Fast and Furious fans on Twitter and Facebook mostly praised the Furious 7 movie's ending as a fitting tribute and an emotionally wrenching one with one fan saying that the last five minutes had him choked up in the movie theater and that the ending was the deepest ending ever seen having him repeat the movie 3 times in one day.,high,normal,0.7560501752895183,high,0.9999970976893987,high,0.8080672135527632
Denver Airport fired the male TSA officer who was engaging in criminal behavior by inappropriately frisking male passengers at the security check.,high,normal,0.7112638146900825,normal,0.9924227587321391,high,0.9403530570548786
"Music is the most important tool we have in reaching these kids, said Bernstein, a professional musician.",high,high,0.5101662506434539,high,0.9968273171575149,normal,0.6808786155678822
"Some key supporters of the ministry of Jesus were Mary Magdalene, Joanna, and Susanna. Along with these women, men like Joseph of Arimathea and Nicodemus, both men of stature and wealth, chipped in to help fund Jesus' ministry. The Gospels reveal that both these men were rich, and supported Jesus, it was Joseph who removed Jesus from the cross on Good Friday, anointing his body with the help of Nicodemus, and placing him in the tomb.",high,normal,0.6857088278477655,normal,0.9999938558253978,normal,0.9999999993096004
"10 doctors team up to criticize Dr. Oz for his quack medicine, but he was able to transition by claiming the signatories have a disregard for science.",high,normal,0.5631577945598564,high,0.9999417087343389,high,0.9999975938976604
"Sofia Vergara is playing defense in a legal battle initiated by her ex-fiance; Loeb is suing the Colombian-born actress, to prevent Vergara from destroying their two embryos conceived through in vitro fertilization; The suit doesn't identify the names of the actual litigants; the suit asks the court to advance the matter anonymously; the couple created the embryos while they were engaged, plan was to eventually have children together; Representatives for Vergara declined to comment.",high,normal,0.6850545797530023,normal,0.999999730042126,high,0.8438951025545426
"Hundreds of graduates of the now-defunct Corinthian, publicly declaring their refusal to pay back their loans; loans of, graduates who have, debt and no job.",high,normal,0.5670538745863347,high,0.9999756997592567,high,0.9999997342275289
"As part of the nuclear deal, the United States seeks to ensure that all Americans held by Iran go free, including Washington Post reporter Jason Rezaian.",high,normal,0.5876185372186321,high,0.9999957771655485,high,0.6926419831347361
"Research done by Ryan L. Boyd and James W. Pennebaker indicates that ""Double Falsehood"", a play first published by Lewis Theobald, was actually written more than a century earlier by Shakespeare himself.",high,normal,0.6215932292658176,high,0.9999898700186797,high,0.9999999888575036
Did journalist Krishnan Guru-Murthy go too far? The actor has agreed to an interview as part of his job.,high,normal,0.5741245184586335,high,0.9770226300899745,high,0.9999999037435734
"When the Story came to light, Henry Louis Gates said they maintained editorial control and decided what made for the most compelling program and good television, Gates decided to substitute the slavery segment for a Revolutionary War ancestor of Affleck.",high,normal,0.6666925438344811,high,0.9999987901348935,high,0.6334102636778403
"Stimler's lawyer said that the verdict was ""shocking"" and David Epstein's lawyer said that his client was grateful for the verdict.",high,normal,0.5295703334328836,high,0.9999898700041888,high,0.9999999985833905
"After an intensive investigation of the FBI's squad of violent crimes and major offenders, The agents arrest Kevone Charleston, for serial robbery. Charleston could be involved in 32 commercial robberies dating to November 2013. FBI agents chased and exchanged gunfire with the suspect, two FBI agents are injured and the suspect was shot, but his life is not threatened. The agents were treated and released.",normal,normal,0.7551768626436958,high,0.9999997300423191,high,0.7549149868676283
"The Obama administration's energy policy plan has been prejudiced against nuclear power being carbon-free. Our biggest source of carbon-free energy that generates over 60% of our carbon-free electricity is nuclear. According to Hansen, humanity's ability to circumvent dangerous climate change has been jeopardized by continued opposition to nuclear power. Contemporary emissions and implementation of plans creates the bias of how Environmental Protection Agency credits nuclear power in its models. According to EPA's model, while real world emissions increase, emission reduce.",normal,normal,0.7542770693888351,normal,0.999999352404893,normal,0.9999999954980267
"Robert Bates, 73, killed a man after thinking his gun was a taser.",normal,normal,0.6260626139714209,normal,0.9999994956528323,high,0.9999999827421723
"After running a red light, Azucena was detained, and Azucena died of asthma, in custody. Huerta also died of a self-inflicted gunshot in custody.",normal,normal,0.5701505843443821,high,0.9999994956525318,high,0.9997584337017134
"According to court papers, Michael Rapiejko, the Arizona police officer has previously faced an excessive force case in New York. Michael Rapiejko worked with the NYPD from 2003 to 2006. Two years after Rapiejko left, Colon sued Rapiejko, saying Colon was yanked from the car, handcuffed and choked in front of Colon's family during an arrest in 2005. The city settled the lawsuit for $20,000 with Colon. Rapiejko voluntarily resigned in 2006.",normal,normal,0.6581997738899157,normal,0.9998415636298248,normal,0.9987744325516169
"Ramadi's only 70 miles west of Baghdad, is the key Iraqi city that could be taken by ISIS militants. Fierce fighting has engulfed the capital of Anber province, Iraq's Sunni heartland, Falih Essawi begged the Iraqi government for air support and reinforcements against ISIS attacks, ""Just Allah knows if we will survive this"", Essawi says. Prime Minister Haider al-Abadi sought support against ISIS militants in Washington, where al-Abadi met the President of the United States, Barack Obama.",normal,normal,0.6497120709475863,normal,0.9999982396567867,normal,0.999999993749623
"A British artist, 23-year-old Daisy Bentley, has spent six years scouring the streets of cities and towns finding a fascinating if idiosyncratic, collection of scraps of paper detailing poignant pieces of other people's lives. And now a selection of the London-based artist's 1,500-note collection goes on public display in a London gallery. This display provides a reminder of the power of the handwritten word in our current era of smartphones and social media. Collecting these has also led to interesting anthropological insights into the human condition.",normal,normal,0.6951961127064121,normal,0.9947798743064415,normal,0.9999995818812769
"A New York jury is struggling to reach a verdict regarding the case of Pedro Hernandez, charged with the 1979 killing of 6-year-old Etan Patz. The case marked a time of heightened awareness of crimes against children.",normal,normal,0.716279927099144,high,0.9902915235185259,high,0.9999999942193518
"A research group from the University of Utah scanned the depth of the Yellowstone Park using seismic technology and discovered much more magma reserves than was previously known. A three-dimensional picture of the geothermal structure of Yellowstone shows three parts, the primary heat source, a magma reservoir, and the magma chamber.",normal,normal,0.7629023860504517,high,0.9999995549150542,high,0.9999999530883172
"Ernst Haas, a 20th Century celebrated photojournalist and image-maker, died in 1986. Haas, as an early member of Magnum Photos cooperative, also featured on movie sets such as ""The Greatest Story Ever Told"". Haas' work is so striking. Through the soon-to-be-released book, ""Ernst Haas: On Set"", John Jacob, the editor, reminds people what a master Haas was.",normal,normal,0.6986761236436869,high,0.9999998555019962,high,0.9999998909271806
"The consternation over the correct use of the word genocide has occurred regularly, this time quoting Pope John Paul II, Pope Francis has referred this way to the mass killing of Armenians under the Ottoman Empire a hundred years ago, that statement has upset Turkey, Turkey's Foreign Minister Mevlut Cavusoglu called the Pope's statement as unacceptable.",normal,normal,0.6416878557686428,high,0.9999251538081761,high,0.9999999677581645
"Johnita Due talks about Due's first and subsequent experience with violent demonstrations while protesting against injustice in the African American society. Due recounts Due's first protest in Miami, a peaceful one at the start while 12 years old. Due says the protest was about the acquittal of officers who were involved in the fatal beating of McDuffie leading to the man's death. They couldn't understand the court's unfair ruling.",normal,normal,0.8321396575772435,normal,0.9999993524053562,normal,0.679178699175393
"Dysart, the Emmy-winning actor, who also played Coach in, ""That Championship Season,"" has died, a private memorial is being planned.",normal,normal,0.5472384189624427,high,0.9890130573694068,high,0.9999980666433852
"It's no easy task to top the surprise and excitement of the original 2012's The Avengers, the third highest-grossing film of all time. In the ""Avengers: Age of Ultron,"" some action scenes seem lackluster and a few characters seem lost. But, despite any shortcomings, the series has a huge international fan base, so an automatic attendance of millions is guaranteed which, undoubtedly, will make the Avengers: Age of Ultron soar and go beyond the one-billion-dollar mark. Such is the overpowering force of the Avengers, which made a cinematic empire, unprecedented in Hollywood history. So much so that, ""Avengers: Infinity War Parts"" 1 and 2 are already scheduled for release in May of 2018 and 2019, respectively.",normal,normal,0.7135363168930565,normal,0.9999898699993585,normal,0.9979492564600826
"The Houthis have allied themselves with Iran, which is Saudi Arabia's rival in the Persian Gulf. The United States offered support to the Saudis to prevent Iran from ruling their border.",normal,normal,0.617467810299416,high,0.9999852610250535,high,0.9992903296008994
"There were two theories around Ray's disappearance. First, a potential connection to Jerry Sandusky's sexual abuse charges, and second, that Ray was murdered by gangs. Cyril Wecht had no evidence to support the theories.",normal,normal,0.5947375889034204,high,0.9995694429186753,high,0.9999953621311257
"After a twelve day journey, Syrian refugee makes it to Italy.",normal,normal,0.5275016065501762,high,0.9997388096809042,high,0.9999995818808781
Members of the IMU said Warren were moved among three safe houses.,normal,normal,0.6239291359305777,high,0.9999945777810301,normal,0.8128673178375734
"On Tuesday, CNN's Situation Room correspondent, Brian Todd, and photojournalist, Khalil Abdallah, happened to witness a duck and its ducklings stranded trying to cross a rainy street in Washington.",normal,normal,0.553991429333239,high,0.9998766055416773,high,0.999988156860974
"Routine stops for walking in the street or a simply broken taillight shouldn't be the reasons for anyone's death, unfortunately, in North Charleston, South Carolina, an officer killed a black man, Walter Scott, the officer's attorney, David Aylor, said Scott took Slager's taser and the man felt threatened, so Michael got the firearm and fired the weapon, but after the video appeared, horror appears too, Slager has shot Scott in the back multiple times, then the officer has taken something from the scene and has placed it near Scott's corpse, the officer was arrested by North Carolina police on murder charges.",normal,normal,0.6204461723288065,normal,0.9999995549151073,normal,0.9999998257023084
"8,480 migrants were rescued by the Italian coast guard and another 400 people could be missing.",normal,normal,0.6494020307769484,normal,0.9999938558312573,normal,0.9999339478551453
Former Malaysian ambassador to the US and Chief of Staff to the Prime Minister were among the six people that died in a helicopter crash on Saturday in Malaysia.,normal,normal,0.623905119973308,high,0.9999151888774012,high,0.9999999830097402
"ISS Progress 59 spacecraft has lost contact with flight controllers and will re-enter Earth's atmosphere, the Russian Federal Space Agency said. Russian Federal Station is fueled until the next scheduled refueling flight.",normal,normal,0.5223025057089815,high,0.9990889496736535,high,0.999999086745198
"After ESPN's reporter Britt McHenry video wildly berating a towing company's employee, CNN's Kelly Wallace used the story as a teachable moment for her daughters, ages 7 and 9 the importance of respecting other people, no matter who you are and what you go on to accomplish. Kelly has lost cool from time to time, be it on a phone call with a credit card company or a bad service at a restaurant but hangs up in disgust or storm off but never insult or demean the other person. McHenry apologized on Twitter saying that she said insulting and regrettable things, and she should always to be respectful. Britt McHenry, should learn from how the rich, famous and powerful handled stressful situations with grace and dignity. Example, after journalist Katie Hopkins seriously fat-shamed Kelly Clarkson, Clarkson gracefully responded. When Queen Bey faced immense criticism after allegedly lip-synching the national anthem in honor of President Obama's inauguration she didn't come out swinging.",normal,normal,0.7237796599056823,normal,0.9999998555019962,normal,0.9999999999433284
"The 2015 Rock and Roll Hall of Fame induction ceremony took place in Cleveland on Saturday night. At the event, former Beatle Paul McCartney pays tribute to his colleague Ringo Starr, the last of the Beatles to be inducted as a solo act. ""I've finally been invited, and I adore it,"" exclaims the happy 74-year-old drummer. Among the others receiving honors as the Rock and Roll Hall of Fame were Paul Butterfield Blues Band, early soul act The 5 Royales, vocalist Bill Withers, punk rockers Green Day, Lou Reed, Joan Jett & the Blackhearts, and Stevie Ray Vaughan. The event closed with a rousing version of the Beatles' ""I Want to Be Your Man,"" performed by pretty much all those who were able to make it out on stage.",normal,normal,0.6257555963788252,normal,0.9990889488055994,normal,0.9999999895325883
Many don't know how deep the water in the canals is.,normal,normal,0.6074613339561503,high,0.8807970779778824,normal,0.5078118642792044
There are many things that make people happy. People who live in the happiest countries have certain social behaviours. They are also part of supportive communities.,normal,normal,0.5167126454892602,normal,0.6224593312018545,normal,0.9999999999958625
Dzhokhar's brother was the other person implicated in the bombing. Tamerlan was dead in a shooting with the police.,normal,normal,0.7120565331004282,high,0.99999893229713,high,0.9999987901343165
"49- year-old Marion ""Suge"" Knight faces up to life in prison depending on the outcome of the hearing of the case of murder, attempted murder ad hit-and-run. Knight ran over two men, Terry Carter, 55, and Cle Sloan, 51, on January 29, killing Carter. The survivor, Sloan was in court but refused to testify against Kight or identify Knight as the attacker. The judge, Ronald Coen lowered Knight's bail to $10million instead of the $25 million previously charged though lawyers call it excessive.",normal,normal,0.712237796373614,normal,0.9525741268224333,high,0.9999999990853686
"According to Hansen, humanity's ability to avoid dangerous climate change has been threatened by continued opposition to nuclear power. Obama's administration's energy policy plan has been biased against nuclear power being carbon-free and generating much of our carbon-free electricity.",normal,normal,0.667994483696084,high,0.9999957771665553,high,0.9999998764043051
"Australian Prime Minister Tony Abbott announced a ""no jab, no pay"" policy, meaning that from January 2016, Australian parents who deny vaccinating their children will have their welfare benefits removed.",normal,high,0.5370090018524405,high,0.9999785550515791,high,0.9998804014219498
"After Wednesday's sentencing and jury conviction, Hernandez, 25, was sent immediately for processing at the maximum-security Massachusetts.",normal,normal,0.7255407490497965,high,0.9999980052693274,high,0.9999938558253977
"For a long time, patients have always complained that the hospital gowns make them feel belittled and demeaned. But there's now a revolution of the hospital gown, Cleveland Clinic being on the forefront. One design with a front and back V-neck, pockets and softer fabrics has received good compliments from patients saying that they feel physically and emotionally comfortable. The patient gown should be easy to manufacture in bulk, clean and easily reusable and easy for doctor examination. The new gowns are expensive, but the main hindrance to the changes is not doctors' expectations but hospital bureaucracy.",normal,normal,0.7065578442652608,normal,0.9998766054240138,high,0.9999999990853682
"O'Malley using YouTube videos as a quick way to get his opinion out there. The hiring of Maya Harris for the Clinton campaign is crucial to bringing Obama's coalition back together. In 2016, a less crowded primary schedule was made and the GOP establishment was left concerned about these changes.",normal,normal,0.5301752720654762,high,0.9999999907625526,high,0.9999998257023083
"275,000 demonstrators marched in São Paulo. Many want President Dilma Rousseff to be impeached. A corruption scandal has implicated politicians in her party. Some protesters said they'd rather see Rousseff step down.",normal,normal,0.5295824500449265,normal,0.9999957771685689,normal,0.9953181774756663
"The child actress of the '70s sitcom, ""The Partridge Family"", passed out at the age of 52, at home in Laughlin, Nevada.",normal,normal,0.7360777085035796,high,0.9999546021096511,high,0.9999992188509245
"Is ""Furious 7"" worth racing to the theater? Finishing the film in honor of co-star Paul Walker, who was killed during production in a car accident in late 2013, brought out the best in everyone. Seeing Walker in action again is bittersweet. It's said to be a movie that will stick with people.",normal,normal,0.7825097582914806,high,0.9999962733616042,high,0.9999999163709562
"Shelly Sterling, who accused Stiviano of fraud said in her lawsuit that Stiviano was essentially a gold digger who seduced her husband into lavishing her with money and gifts. Stiviano did not dispute Donald Sterling’s generosity but denied manipulating him.",normal,normal,0.6530935666067716,high,0.9999687980737282,high,0.9969721649754316
"Pedro Hernandez confessed to the killing of Etan Patz after over 7 hours of interrogation. But records of Hernandez's mental health raise questions about the dependability of the confession which was however admitted in court by a New York judge. Another suspect, Jose Antonio Ramos was at the center of investigations for Etan's case for many years. Ramos was sued by Etan's parents in 2001 and was held responsible for Etan's death and ordered to pay $2 million to the family but never paid the money and was never charged for the murder either.",normal,normal,0.7717665689244311,normal,0.9999251537724894,normal,0.9999847931596293
Authorities of Malegaon asked residents to take a 'mugshot' of their cattle for the police. Cows are considered holy there.,normal,normal,0.5498487449830485,high,0.9770226300899745,high,0.9999975175199628
"Fashion designers have given the hospital gown a facelift. Patients have claimed the old gown was demeaning. New gown designs with better fabric and pockets have made patients feel more comfortable. Hospital gowns should allow the doctor to do a quick examination, and should be easy to manufacture, clean and reuse.",normal,normal,0.6076393237556421,normal,0.9999994956528323,high,0.9999892166877771
Many people have been killed and taken hostage in an attack claimed by the terrorist group Al-Shabaab on Garissa University College in eastern Kenya. The attack is a clear indication of the fast deteriorating security in East Africa.,normal,normal,0.794208624876506,high,0.9968273171575149,high,0.9999992188516693
"The two who are students at Troy University were arrested and were being extradited to Bay County, Florida where the sexual attack occurred in March on Panama City Beach.",normal,normal,0.8219389369566376,high,0.7772998611746911,high,0.9999977396735464
"Italians are concerned that more than a million migrants from Africa are expected to arrive in Europe this year, despite hundreds who have died trying to cross the Mediterranean.",normal,normal,0.5179259602464487,normal,0.9999982396559473,normal,0.9999997897566589
"13-year-old Kaylan Bailey was at the theater with Jamison, Ashley and Veronica. Kaylan called 911 because Ashley, Jamison, and Veronica were shot. Veronica died, Ashley suffered a miscarriage, and Jamison was shot in the head. Although Bailey is not seeking the death penalty for the shooter, she would be fair for having hurt so many people.",normal,normal,0.544313779870581,normal,0.9999984465007639,normal,0.99998739305376
"According to the U.S. crew, the U.S. RC-135U plane was intercepted north of Poland, over international airspace, in an unsafe and unprofessional manner by a Russian SU-27 fighter jet.",normal,normal,0.6825646630440787,high,0.9999990577545075,high,0.999999995355122
"After the conviction of Dzhokhar Tsarnaev of 30 charges related to the 2013 Boston Marathon bombings now the real trial can begin. Seeing the seemingly insolent, unrepentant Tsarnaev being brought to justice is relieving.",normal,normal,0.6548302122947287,high,0.9890130573694068,high,0.999996910505552
"Marco Rubio has announced his run for the Republican nomination for president. Although Rubio has Hispanic roots, it won't be enough to win the Latino vote. Rubio opposes two main issues most Latinos support: Cuban relations and immigration reform. Rubio stated Obama's executive action on immigration, which is heavily favored by Hispanics, sets a ""horrifying precedent"". On Cuban policy, Rubio is stuck in the past, warning that Cuba is taking advantage of the US. Additionally, Rubio opposes Obamacare, calling for its repeal, but the Affordable Care Act has dropped the Hispanic uninsured rate by 12.3%. A lack of bold policy proposals and stale views on a fresh face won't work for Rubio or the Latino voters.",normal,normal,0.6550170061438699,normal,0.8807970779778824,high,0.9999999997166604
"For while the scars of the monstrous Civil War still remain, the wounds have closed, because of the civility of Grant and Lee.",normal,normal,0.7558484683546202,high,0.9820137900379085,high,0.9999215621087786
"The diminishing Iraqi Christian population is made up of mostly Assyrians. This minority community dates back over 4,000 years. Assyrians have now formed a militia group against ISIS.",normal,normal,0.5064500150260727,high,0.9820137900379085,high,0.9999999572864674
"According to the CDC, the bird flu represents low risk to humans, but they're planning for the worst scenario. The bird flu cannot be contracted by eating chicken or eggs.",normal,normal,0.5573641384212829,high,0.9947798743064415,high,0.9994296842929216
A cat on the internet fuels a debate involving optical illusion just after #TheDress.,normal,normal,0.7122871198508439,high,0.9995694429186753,high,0.99999976176309
"Simone Pott, NGO's spokeswoman, describes Lo Porto as a lively and positive person with many friends over the world. London Metropolitan University portray Lo Porto as a popular student who was committed to helping others. On January 19, 2012 in a US counterterrorism strike, Lo Porto was accidentally killed, according to American authorities. American Warren Weinstein, a fellow al-Qaeda hostage, died along with the native of Palermo city.",normal,normal,0.6883986782989127,normal,0.9999994284996893,normal,0.9999999935512178
"In a video footage of Alondra being taken out of school, Alondra tries to get freed from federal officers while screaming and appearing terrified. The woman claimed Alondra had been illegally taken to Mexico.",normal,normal,0.6839595175591406,high,0.99987660530635,high,0.9005297861178929
"The public has developed an increased intolerance for any form of discrimination be it racial, religious, or sexual orientation. The Governors of Arkansas and Indiana only found this out by the reactions received after signing the ""religious freedom"" bills.",normal,normal,0.6961668791285619,high,0.9992903289245849,high,0.9972423776326046
"Auschwitz which remains the most famous Holocaust trial staged in Germany is where 22 former Nazi SS soldiers were tried by German prosecutors. The German-Jewish attorney general of Hessen, Fritz Bauer conveyed an aspiration that one of the accused would come out sooner or later and say what really transpired was horrendous and they're sorry. This statement alone would have cleared the air as the whole world would relax together with all the ones still living from those killed at Auschwitz. One of the most disappointing aspects of the Holocaust trials was the turndown of the culprits to own up to their guilt. Other defendants claimed that they played no role but knew of the exterminations and others admitted taking part in the killing but did so out of fear.",normal,normal,0.8753553958089213,high,0.9999970976887067,high,0.7956581000631541
"University of Mosul, banned, hotel management. No hotels under ISIS. They have all been taken, and shut down, rented out or become, house families.",normal,normal,0.7182739767212828,high,0.9999977396778577,high,0.9999999861329361
"A Saudi general mentions that the nine-nation coalition carried out 1,200 airstrikes, and three Saudis died.",normal,normal,0.5610098143560834,normal,0.9999996940978461,normal,0.9999999962089565
"In order to seal a deal with Iran for the reduction of nuclear stockpiles and activities, the world powers met in Switzerland. The talks were focused on incentivizing Iran to cut down on nuclear energy manufacturing for the safety of the region and beyond. The framework was supported by other countries such as the United States, Russia, China, France, the United Kingdom and Germany but not Israel. Israeli Prime Minister, Netanyahu was against the deal because Netanyahu felt that it paved way for Iran to make nuclear bombs and not stop manufacturing. Israeli government officials also took ground against the framework that allowed Iran to reduce its stockpile by 98% and the number of installed centrifuges. They didn't see it as a solution. However, producing this framework was an intense journey full of confrontation and emotions.",normal,normal,0.6440093474280234,high,0.9999986290421393,normal,0.9999999981232983
Slager has been fired and charged with murder in the death of 50-year-old Walter Scott.,normal,normal,0.5241079226536395,high,0.998498817743263,normal,0.7718434978390747
"Hit song, ""When a Man Loves a Woman"" original singer, Percy Sledge, has died at 73.",normal,normal,0.6151554266853323,high,0.9999977396746242,high,0.999999976411369
"Bobbi Kristina Brown has an irreversible brain damage, the family is waiting for a miracle, grandmother says.",normal,normal,0.5895318198604456,high,0.9999785550618046,high,0.9999998874649453
"Marco Rubio has announced he wants the Republican nomination for president. Rubio has Hispanic roots but doesn't appeal to Latino voters because he opposes two main Latino issues: immigration reform and Cuban relations and policy. Rubio missed an opportunity with Hispanic voters by embracing the conservative approach to immigration. Also, Rubio isn't suited for the task of gaining Republican voters either. Rubio's stale ideas with a fresh face won't work for Latino voters.",normal,normal,0.5343306865580756,high,0.9996646498695335,high,0.9992327075871412
"President Franklin D. Roosevelt died on Thursday, April 12, 1945, which is 70 years today. Roosevelt died of a hemorrhage in Georgia. Roosevelt was the longest-serving president of the United States of America with 12 years of administration. At the time Roosevelt's second in command was Harry S. Truman so Truman therefore would step up to take Roosevelt's position as head of state. Truman's political rise was spectacular.",normal,normal,0.7171823949011625,normal,0.9980732653366725,normal,0.9999501404178728
"""Grace of Monaco"" where the actress Nicole Kidman was acting as star-turned-princess Grace Kelly, the film was a critically-panned one, which opened last year's Cannes Film Festival.",normal,normal,0.7714409557604507,high,0.9914225145862879,high,0.999999894282998
"After the Kardashian trip to Armenia, genocide stories were all over the news in Turkey. Anahid and other Armenians praised the Kardashian.",normal,high,0.53586350784924,high,0.9241418199787564,high,0.9999978092163282
"Dubai Chess and Culture Club reported that Gaioz Nigalidze was darting to the toilet to consult a smartphone, which was logged onto a chess analysis app.",normal,normal,0.6643025958680421,high,0.9999038974928589,normal,0.9999999980637244
One U.S. Army soldier was killed and others injured including an Afghan soldier after an Afghan National Army gunman unleashed fire on the U.S troops. The U.S troops were mostly Resolute Support troops accompanying a senior U.S. official to a meeting with,normal,normal,0.6854643691935246,high,0.9999993524052018,normal,0.9999999976644047
"Pence's controversial decision to sign a religious freedom law that opens the door to discrimination against gays had reservations from Indiana's Chamber of Commerce, as well as the Republican mayor of his state capital. The Indiana law signed by Pence seems to be pushing back positive steps taken by LGBT rights. Pence saw an opportunity to endear himself to a very powerful wing of his party that wants a conservative as its 2016 candidate. It seems impossible for a Republican to get through the pending primary without denouncing LGBT rights, with the potential of turning a sizeable number of American citizens into single-issue voters. Pence has received support from a fellow Republican and White House hopeful, Jeb Bush. Ironically, Pence seems to have scored a lot of points among ultraconservatives despite the backlash. Polls show voters to be gay-friendly but the state level tells a different story.",normal,normal,0.6902744093524287,high,0.679178699175393,high,0.9999999998308102
"Ursula Ward describes Odin Lloyd as the firstborn child and only son. Odin was the backbone of the family, a man of the house, Odin's sisters' keeper, a champion of the family, a gifted athlete, and a hard worker with a sense of humor. A mother's best gift. Odin's uncle described Lloyd as a respectful child, truly adored.",normal,normal,0.7407316549561107,normal,0.9999994284995529,high,0.8633916099737806
"Philippines are threatened by a possible landfall of the typhoon Maysak, that is active above Pacific Ocean. Fortunately, the storm is believed to have weakened and might become just a tropical storm when it reaches the Philippines. However, it still may cause floods and strong winds cannot be excluded.",normal,normal,0.7546413715602172,high,0.9997965728279812,normal,0.9999999998890426
"2015 ACM Awards; 10 best, 5 worst moments; full stadium; ACMs biggest audience ever.",normal,normal,0.5010591892836063,normal,0.9999998144610751,normal,0.9999999634651792
"Harry Reid, Senate Majority Leader, expressed Reid's opinion about the trade ""fast track"" authority and says that it is a good chance for Hillary Clinton to prove if Clinton's a real populist or not. Hillary Clinton was trying to walk in the middle of this argument, it was hard to paint Clinton as the ""original Elizabeth Warren"" each time Hillary Clinton equivocated on trade policy. Massachusetts senator Elizabeth Warren has publicly criticized the ""fast track"" trade authority, ""we can't afford a trade deal that undermines the government's ability to protect the American economy"", Warren says. ""I love Elizabeth, we're allies on a whole host of issues, but Warren is wrong on trade policy"", U.S. President Barack Obama says.",normal,normal,0.6713400048217443,normal,0.9999038975845005,normal,0.999999925035418
"CNN interviewed some affected people who attended the trial. Tom and Caren Teves lost their son Alex, who died protecting his girlfriend. Caren Teves said that Alex was a great person who could have achieved much more. The Teves launched a campaign called ""No notoriety"" to prevent the media from showing photos or saying the shooter's name. Caren Teves says that the tragedy generated a domino effect that goes on and on and that little by little you learn to fake it better, because carrying that weight on you each day, makes you stronger. Caren Teves added that he could not forgive the shooter because he has not apologized, and considers that the only justice would be that Alex had not died.",normal,high,0.528183035291231,normal,0.9999417087899265,normal,0.999825994564473
"Photographer Ken Hermann visited Kolkata, in India, to work on ""Flower Man"". The project portrays the men who sell flowers in Malik Ghat, by the Hooghly River, with a neutral background that enhances their appearance.",normal,normal,0.6415277159764152,high,0.9999999317440197,high,0.9999999918479794
Tiffany Montgomery was 48 when she was diagnosed with stage-4 breast cancer.,normal,high,0.5164865200449529,normal,0.9999832985622245,normal,0.9999852610180255
"Despite pleading not guilty to the charges, Hernandez has lost a lot already, including millions of dollars.",normal,high,0.5122414590890468,high,0.5,high,0.999939858482223
Marriott International Hotel chain's owner separated his personal stand for traditional marriage from the business.,normal,high,0.5330768201303772,high,0.9999251537011158,high,0.9999992661790194
"Indonesian Siti, who might be mentally ill, was the second to be executed in Saudi Arabia in a week. Philip Luther from Amnesty International claimed imposing death penalty to someone with a mental illness smacks lack of humanity.",normal,normal,0.802646459430549,high,0.9999993524049702,high,0.9999988984035894
"Putin shrugged off, questions about, impact of Western sanctions on his nation. Western sanctions were implemented after Moscow annexed Crimea.",normal,normal,0.6456372319807222,high,0.999981074851754,normal,0.9999999987883103
"On Monday, the trial of James Holmes, the Colorado theater shooter, is set to begin. Jurors will also be required to consider what happened before and after the incident in 2012. Holmes, according to authorities, went to see ""The Dark Knight Rises"" at midnight and threw two tear gas canisters into the theater before opening fire. Holmes surrendered to authorities but pleaded not guilty due to insanity after the attack that killed 12 people and injured another 70.",normal,normal,0.7456475553031858,normal,0.9999992661791944,high,0.9999998975355678
"23-year-old Conor McDonnell has over 25000 followers, great celebrity shots and is behind Instagram's most-liked photo with over 2.4 million likes.",normal,normal,0.6095700923669809,normal,0.9999952149055051,normal,0.7520125737597972
"On Saturday morning, a veterans event was headlined by Democrat Jim Webb who was on a four-day trip to Iowa. Webb stayed in Des Moines hotel and openly talked about his service and stories of the war.",normal,high,0.5312957279722943,normal,0.9999994284996893,high,0.5813030906443133
"President Maduro jokingly connected mango and ""maduro"" in Spanish which means ripe.",normal,normal,0.645118293537202,normal,0.9999999999998019,high,0.9999998874649453
"According to a survey, the church leaders and the supreme court are continuing to legalize and agree to support same-sex marriage in America.",normal,normal,0.6275195599030943,high,0.7310585786300049,normal,0.9999999997651032
"Yarmouk refugee camp near Damascus set up in the 1950s, was raided by ISIS on April 1. Life was already bad at the camp being engulfed in the Syrian conflict and ISIS' invasion just made it worse for those living there. 18,000 Palestinian refugees remain in the camp, cut off from vital aid with many including an elderly woman refusing to leave because it is their second home. One man said, ""this is Yarmouk camp and we are not leaving our homes. An elderly woman also said, "" I fled Palestine when I was seven years old but I will not leave the Yarmouk camp even if I am 75 or 76 years old."" Yarmouk camp was equal to her soul she couldn't leave.",normal,normal,0.693462251802978,normal,0.998498817743263,high,0.999999999683912
The interior ministry identified one of the attackers killed by security forces as Abdirahim Abdullahi the son of a government official. in Mandera. The Islamist Extremist group has not confined its terrorism to Somalia alone. Militants attacked Nairobi's upscale Westgate Mall and killed nearly 70 people.,normal,normal,0.6267745455799633,normal,0.9999980052702785,normal,0.9999974387177892
Hillary Clinton's statements in Iowa about both Clinton's grandparents were corrected by Clinton's campaign team. Clinton falsely stated that all Clinton's grandparents were immigrants yet only one of them actually was. Clinton's grandfather.,normal,normal,0.6558694337362077,normal,0.9975273768433652,normal,0.9996849613059187
"The 72-hour notice given to Mary, Andrew and Myuran may be postponed, but the death row will not take place sooner than three days. Australia has been up and about seeking for mercy for Myuran and Chan in an attempt to rescue the Australian nationals from the planned execution. Indonesian officials insist on carrying out the killings. All except for Serge Atlaoui will be executed.",normal,normal,0.7445024331624052,normal,0.9999994284996893,high,0.7154239957834733
"Aaron Hernandez, NFL player was charged with homicide and sentenced to life without pardon at the Massachusetts' flagship maximum-security prison. It started in 1998 in the United States and it's one of the modernistic jails with no successful breakouts in history. Souza-Baranowski Correctional Center in Shirley, about 40 miles outside downtown Boston, it's the state's newest prison called Souza. Inmates' Legal advocates relate Souza as sterile and violent at once. According to Leslie Walker the executive director of Prisoners' Legal Services of Massachusetts, it's a very dangerous prison that's now experiencing an authentic flood of opiates.",normal,normal,0.7787097972481782,normal,0.9999852610039696,normal,0.9999999523495657
"Bob Buehner, Ray's friend, said his faith was dwindling.",normal,high,0.6648082598307953,high,0.9999998362623918,high,0.9999986290427931
"Freddie Gray was arrested in a high-crime area on April 12. Footage captured by two cameras showed that Gray could talk and walk as Gray was being put inside a police van. The turn of events was when Gray was found in a dire state upon arrival at the station, urgently in need of medical attention. It was unclear how a healthy man who boarded the van suddenly had severe spinal cord injury. Which led to Gray's death a week after hospitalization at the University of Maryland Medical Center's Shock Trauma Center. At the time of arrest, Gray was being held for possession of a weapon, a ""pocket knife."" The arresting officers had chased Gray down since Gray had fled when Gray came into their sight. CNN reported that there were more than 20 criminal cases against Gray in Maryland some still active when Gray died. Could these have influenced the events?",normal,normal,0.8352929589479654,normal,0.9980732653366725,normal,0.9999996423640822
"In the elections for state attorneys in 2014, Marilyn Mosby won against Gredd Berstein, Mosby is African American, then Mosby declared in a statement that as a black woman understands how the criminal justice affects communities of color, and that will seek equal justice. Around 63% of the population in Baltimore is black but despite this, they face incredible inequality in employment, poverty, incarceration, and health in general.",normal,normal,0.6752336163182462,normal,0.9999980052712296,normal,0.9998858776145565
The Federal Aviation Administration reported a pressurization problem and one passenger fainted.,normal,normal,0.6140351332152132,high,0.9990889488055993,high,0.9999999645892373
Quintanilla urged the fans to join the Indiegogo campaign to support the launch.,normal,high,0.5815077304126461,high,0.9706877692486438,high,0.9999952149055051
"Head coach Dan Benjamin says Lauren Hill was ""an unselfish angel"" after having played for her college basketball and added that she was a role model who lived her life despite going through all the struggles of battling brain cancer. Hill had a quote motivating everyone to be grateful for every moment and appreciate what life had to offer for the future is a mystery.",normal,normal,0.6527179942219914,high,0.9999810748698019,high,0.9997694932780068
"Louis Jordan capsized on a sailboat in the Gulf Stream while looking for good fishing. Before being rescued, the ship capsized two more times. Louis Jordan was able to survive by eating raw fish and collecting rainwater in a bucket. Frank Jordan told CNN that although his son is not an experienced sailor, Louis is strong, physically and spiritually.",normal,normal,0.6628808715372271,normal,0.9999982396563669,normal,0.6187804337438501
"The training records for Robert Bates show that Bates has completed required reserve deputy training according to Oklahoma standards. Bates, a reserve deputy, currently faces charges of second-degree manslaughter. The authenticity of the records has not been confirmed because the sheriff's office denied the media access to the documents.",normal,normal,0.7585772830425026,high,0.9933071490757152,high,0.9999946618442946
"Currently, there are 29 elephants living at the Ringling Bros Center for Elephant Conservation, and 13 more are yet to come. These 200 acres of rural land were created for elephants after the Ringling Bros family decided to stop using elephants for entertainment. According to the CEO of Feld Entertainment, it was difficult to operate with animals in different states, since each had its one regulations. The company also faced several lawsuits from animal rights groups, and those litigations were somewhat expensive.",normal,normal,0.8160506866008123,normal,0.9999994284996211,normal,0.9999996423640822
Many exciting liberal ideas have not been approved by Republican policymakers but are being experimented on as the time to justify local programs has come and local arenas are successfully putting them into action.,normal,normal,0.6569971665637013,high,0.9994472208361969,high,0.7634837635542924
"The victory of a 72-year-old former general, Muhammadu Buhari, in the Nigerian elections, represents, maturity; it's composed of many ethnicities; The victory of a Muslim candidate does not represent the victory of Islamism.",normal,normal,0.5880269753374616,high,0.995929862284104,high,0.9999999837877711
"Officer Darren Wilson shot Michael Brown in Ferguson, the officer said that shot after the struggle, but multiple witnesses have conflicting views of the event.",normal,normal,0.5791960299155616,high,0.9996200154852481,high,0.9999999645892373
There were 28 survivors rescued and 24 bodies recovered. The investigators want to find the wreck of the ship.,normal,normal,0.602744098909016,normal,0.9999952149032234,high,0.9473810466522863
Mui had a hard life due to her physical condition in her skin.,normal,normal,0.6317125575431256,normal,0.9999999999999873,high,0.7879311956428947
Stephen Hawking decided to partner with the young men from Monty Python to reproduce the Galaxy Song. Talent and creativity is unleashed when Hawking decides to redo the song in a personalized computerized voice.,normal,high,0.574173865074217,high,0.995929862284104,high,0.99943852125386
"While most of Corporate America has abandoned record stores to Spotify, many record stores still thrive. This Saturday being Record Store Day, stores host a variety of activities, some serving beer.",normal,high,0.5590607388702982,high,0.9999869928715336,high,0.5428632831725052
"More or less 50 individuals have been rescued from Mobile Bay, as reported by the Coast Guard sources. The Dauphin Island Race, which takes place annually, drew over 100 sailboats.",normal,normal,0.7075025725998129,normal,0.9999974387165679,normal,0.9999998388009077
The critical factor to Clinton's success in the rebranded message is consistency.,normal,normal,0.5549865684106023,high,0.9999994956525917,high,0.9999981837758641
D.C. Police Chief Cathy Lanier believed it was the same person and vehicle involved in the two shootings at the gates of the U.S. Census Bureau's headquarters and in a popular area packed with restaurant patrons. Police picked up a chase by the suspect firing at multiple locations leaving a Census Bureau guard injured.,normal,normal,0.7332267368450945,high,0.9999962733624929,high,0.9999999934496735
An internal inquiry by the Tulsa County Sheriff's Office concluded that Bates was shown special treatment. Some supervisors in the Sheriff's Office were told to forge Bates' records.,normal,high,0.5121049729841924,high,0.9999852610250535,normal,0.8354835371034368
Freddie Gray died on Sunday under unclear circumstances after being taken into police custody. It is not clear if proper protocols and procedures were actually followed.,normal,normal,0.677814613739075,high,0.9626731126558705,high,0.9999962733607158
"Cuba's state-run television and the Vatican have announced that Pope Francis will stop off in Cuba on his way to the United States. Neither have indicated a date as yet. The Pope earned praise from both Presidents' Barack Obama and Raul Castro for his part in restarting diplomatic relations between the two countries, Cuba and the U.S. which was hosted by the Vatican. Pope Francis's visit is expected to be shorter than that of the two previous leaders of the Roman Catholic Church who visited Cuba.",normal,normal,0.8207679862388865,normal,0.9999991684721706,high,0.8128673178375734
Another American city; we set Baltimore on fire this time.,normal,normal,0.6394167501213662,high,0.9999991684721705,high,0.9999995262094421
"Citizens taking part in protests against police violence were arrested across the United States and charged with assault on police officers, disobedience to lawful orders and interference. The rally, organized through social media, was a tribute to Eric Garner, killed by the police in a chokehold, in Baltimore. Police brutality was addressed as a national issue by demonstrators, who were in rather a festive mood. More protests are planned in the coming days.",normal,normal,0.7921124681656265,normal,0.5312093733737562,high,0.9999961550649412
"Maysak, initially a super typhoon has lost steam to become a tropical storm with 70 mph winds, but it could still cause flooding, landslides and other problems in the Philippines.",normal,normal,0.6355164818091816,high,0.9999869928591292,high,0.9999997897568594
Three crucial actions for this year and the next 15 years are outlined in the report.,normal,normal,0.5202672461813282,high,0.9997388096809043,high,0.9999994631249961
"Scientists have discovered brine, a slat that absorbs water from the Martian air and keeps it from freezing. Conditions are still dry, but the research may suggest that a sea once existed.",normal,normal,0.677324962495719,high,0.9988304897349446,high,0.9999611688901312
"Yarmouk refugee camp near Damascus set up in the 1950s, was raided by ISIS on April 1. Life was already bad at the camp being engulfed in the Syrian conflict and ISIS' invasion just made it worse for those living there. 18,000 Palestinian refugees remain in the camp, cut off from vital aid with many refusing to leave. An elderly woman also said that she came to Yarmouk camp at seven years old from Palestine but wouldn't leave at any rate.",normal,normal,0.6804735368990649,normal,0.999704042886487,normal,0.9390248191350352
"Chokal-Ingam, by applying to medical school under the pretence of being of black descent, portrays the plight of American student immigrants.",normal,normal,0.7090646095469394,normal,0.9999999999991122,high,0.9983770329385312
"Abu Khdeir's name is on the memorial wall, at Jerusalem's Mount Herzi, but the Palestinian teenager's name will be removed. His father said no one gave permission to put his son's name on the memorial wall. Members of Almagor would remove their own family members' names from the wall if the name isn't removed.",normal,normal,0.6963197120933082,normal,0.9999989322967481,normal,0.9999999898546464
"The killing of Ron Lane, an employee at Wayne Community College in Goldsboro, North Carolina, by Morgan Stancil, may have been a hate crime, authorities said Tuesday.",normal,high,0.5184039352249441,high,0.999999694097919,high,0.9999999856927652
"Hundreds of gays and lesbians flee Iran where homosexuality is illegal and find refuge in Denizli, Turkey. To explore her fascination with identity issues, Photographer, Laurance Rasti traveled to Denizli, Turkey.",normal,high,0.5190065312914905,high,0.9980732653366725,normal,0.9999999837877558
"In Afghanistan, a cameraman from CNN filmed a group of fighters parading ISIS flags. A U.S. official complained that ISIS militants have no competence yet always attempting to recruit the young, angry, and disenchanted Taliban men. The wild feuds between ISIS and the Taliban mean that ISIS fighters risk death for brandishing the flag.",normal,normal,0.5533418818002032,high,0.9978172814775967,high,0.9999964991455855
Frank Kaminsky led the Wisconsin Badgers with 20 points and 11 rebounds during the NCAA men's basketball Final Four at Indianapolis. Wisconsin head coach said they kept battling on every possession. The Badgers are looking to win their first title since 1941.,normal,normal,0.5374281457217176,normal,0.9999984465015046,normal,0.9999999990853682
"Earthquake scientists have been expecting major events in Nepal since 1934. In as much as the scientists, were exuding confidence that an earthquake would definitely occur, the big question was on the timing of the great event. Indeed, an earthquake with a magnitude of 7.8 hit Nepal. Population density, coupled with weak building infrastructure, results in heightened damages whenever an earthquake occurs, U. S. Geological Survey spokesman, Gavin Hayes told CNN. In addition, Ravilious told CNN that such an earthquake could cause serious damage in Nepal due to the fact that the country was landlocked and had very weak infrastructure.",normal,normal,0.7491088526657912,normal,0.9999989322968754,high,0.9999999634651617
"Andrew Getty appears to have died of natural causes. Detective Meghan Aguilar said Andrew Getty, 47, had several health issues. The body was found near a bathroom at Getty's home.",normal,normal,0.6353830445951147,normal,0.9999852610180255,high,0.999999996654419
Curtsinger and Curtsinger's wife have eight counts each for participating in organized crime.,normal,normal,0.6717666937179424,high,0.9999984465022455,normal,0.9999999476662613
"The boat journey from Djbouti to Aden through a safe route mapped by the Djiboutian Coast Guard is described by CNN's Nima Elbagir. With stomach-churning waters, the journey took longer than intended. The boat approached the Yemeni coast after the second sunset. As the group entered the port, all they could hear was commotion and desperation. The ship returned with 60 refugees trying to flee Yemen's conflict, but it was too late when the group realized that the evacuees were charged $300 per person as an exit fee. Those who lacked sufficient funds put back behind the port's gates. Those that did shared the day-and-a-half journey home and were the fortunate ones. Thousands more still wait in Yemen, hoping to reach a secure port as well.",normal,normal,0.7573311138674181,normal,0.9999962733607158,normal,0.9859363729567545
"A Catholic Reads the Bible, covers the Book of Genesis, chapters 1-11. It is a story to make you realize the power of God.",normal,normal,0.5016656295413527,high,0.9947798743064415,high,0.9999662627752353
"Despite having an immense cultural heritage, Italy doesn't know how to exploit it.",normal,normal,0.5034847859853062,high,0.9626731126558706,high,0.9881308789536605
"On Monday night, a top AQAP leader, named Ibrahim al-Rubaish, was killed in what the group's media called a ""crusader airstrike.""",normal,normal,0.6236729193477384,normal,0.9999998555020307,normal,0.9999999943972036
"There are two kinds of drug possession under the law: actual (when you physically have it) and constructive (when you don't physically have it), although couriers can have something without ""possessing"" it.",normal,high,0.6337555984628978,high,0.9999546021096511,high,0.9999997897564584
"A catholic didn't know about Seth, the third son of Adam. Laura realizes that Adam bore Seth at 130 years and actually most of the known descendants are from the lineage of Seth.",normal,normal,0.6695161479628327,normal,0.9999952149100685,normal,0.9999978766215376
"Because drinking is such a big component of Korean culture, Seoul traffic is supposed to correspond to the city's hoesik culture, drinking fests held by almost every company in South Korea at least once a month.",normal,normal,0.7201753905838603,high,0.9999967112493664,high,0.9999998802068873
"Molly Schuyler broke her own record of two 72-ounce steaks and sides, set last year, Schuyler's rivals included football players, pro wrestlers and competitive eaters. A landmark Texan restaurant offers the ""72-ounce challenge"".",normal,normal,0.560352895693958,high,0.9999910603122207,high,0.7122321842389469
"On Tuesday, a new world record was set by a Japan Railway maglev train hitting 374 miles per hour in Yamanashi.",normal,normal,0.751825363341524,normal,0.9999990577563047,high,0.7662936430859597
"With 60% of the priority zone covered in the search for Malaysia Flight 370 that vanished in 2014, officials from Malaysia, Australia and China doubled the underwater search area.",normal,normal,0.6530403871411369,normal,0.9999970976893987,high,0.6992544210587586
"In North Charleston, the police officer Michael Slager stops Walter Scott for driving with a broken taillight, minutes later, the police officer killed Scott by several shootings in the back, and the black community seethed with rage because they know an injustice was done, North Charleston police arrested Slager on murder charges, a police officer was sickened when they saw the video in which Slager killed Scott in cold blood.",normal,normal,0.6080406104303523,normal,0.9999987901344607,normal,0.9999998461828238
